glycopeptide,neutral_mass,mass_accuracy,ms1_score,ms2_score,q_value,total_signal,start_time,end_time,apex_time,charge_states,msms_count,peptide_start,peptide_end,protein_name,mass_shifts
QLINALQIN(N-Glycosylation)NTAVGHALVLPAGR{Fuc:1; Hex:5; HexNAc:4; Neu5Ac:1},4442.103952523118,-4.380483132786998e-06,11.67376218,34.6066358838,0,120814096.5,85.4487403776,85.6217058923,85.543189643447,3;4,2,2549,2572,sp|P12111|CO6A3_HUMAN Collagen alpha-3(VI) chain OS=Homo sapiens OX=9606 GN=COL6A3 PE=1 SV=5,Unmodified
QLINALQIN(N-Glycosylation)NTAVGHALVLPAGR{Fuc:1; Hex:5; HexNAc:4; Neu5Ac:2},4733.213360465198,-7.0670799098109116e-06,10.1240663984,21.1396921741,0,80756820.5,89.0225852118,89.3386596785,89.228459694608,3;4,1,2549,2572,sp|P12111|CO6A3_HUMAN Collagen alpha-3(VI) chain OS=Homo sapiens OX=9606 GN=COL6A3 PE=1 SV=5,Unmodified
QLINALQIN(N-Glycosylation)NTAVGHALVLPAGR{Fuc:1; Hex:4; HexNAc:5},4192.045675482503,-7.168081793199929e-06,-21.7192021734,19.7272280702,0,3337326,82.5582589931,82.5582589931,82.558258993053,3,1,2549,2572,sp|P12111|CO6A3_HUMAN Collagen alpha-3(VI) chain OS=Homo sapiens OX=9606 GN=COL6A3 PE=1 SV=5,Unmodified
N(N-Glycosylation)NTRGPGLKR{Fuc:1; Hex:6; HexNAc:5},3245.4118317672114,-5.879530241650084e-06,10.978798262,44.4244245624,0,416684923.75,32.9921408123,33.5558540927,33.42600736084,3;4,1,787,797,sp|P24821|TENA_HUMAN Tenascin OS=Homo sapiens OX=9606 GN=TNC PE=1 SV=3,Unmodified
N(N-Glycosylation)NTRGPGLK{Fuc:5; Hex:8; HexNAc:8},4606.85475223,2.66702747537e-06,0,15.4970351475,0.00990099009901,0,,,,3,1,787,796,sp|P24821|TENA_HUMAN Tenascin OS=Homo sapiens OX=9606 GN=TNC PE=1 SV=3,
N(N-Glycosylation)NTRGPGLK{Fuc:3; Hex:8; HexNAc:8; Neu5Ac:1},4605.85592773,-2.01699387813e-06,0,10.8594958766,0.018018018018,0,,,,3,1,787,796,sp|P24821|TENA_HUMAN Tenascin OS=Homo sapiens OX=9606 GN=TNC PE=1 SV=3,
M(Oxidation)N(N-Glycosylation)KTVAVR{Fuc:1; Hex:5; HexNAc:4; Neu5Ac:2},3284.335949173971,3.002016218295488e-07,12.015284492,40.541878771,0,91737792.9375,22.8311763114,23.4379511263,23.010036626085,3,2,937,945,sp|P01024|CO3_HUMAN Complement C3 OS=Homo sapiens OX=9606 GN=C3 PE=1 SV=2,Unmodified
EEQYN(N-Glycosylation)STYR{Fuc:1; Hex:3; HexNAc:4},2633.0482910614883,-3.6805863383506396e-06,14.1293779468,100.338604662,0,354704367.75,26.3348643289,26.7056642956,26.49080919288,2;3,4,175,184,sp|P01857|IGHG1_HUMAN Immunoglobulin heavy constant gamma 1 OS=Homo sapiens OX=9606 GN=IGHG1 PE=1 SV=2,Unmodified
EEQYN(N-Glycosylation)STYR{Fuc:1; Hex:4; HexNAc:4},2795.102675006852,-4.025500935089785e-06,15.0520834206,70.4314852269,0,472998006.75,26.1744089788,26.5775857951,26.320583727582,2;3,4,175,184,sp|P01857|IGHG1_HUMAN Immunoglobulin heavy constant gamma 1 OS=Homo sapiens OX=9606 GN=IGHG1 PE=1 SV=2,Unmodified
EEQYN(N-Glycosylation)STYR{Fuc:1; Hex:9; HexNAc:4},3606.38907655,-0.000286584757449,0,15.1631650176,0.018018018018,0,,,,3,1,175,184,sp|P01857|IGHG1_HUMAN Immunoglobulin heavy constant gamma 1 OS=Homo sapiens OX=9606 GN=IGHG1 PE=1 SV=2,
GSLSYLN(N-Glycosylation)VTR{Hex:5; HexNAc:2},2325.0285296331303,-7.739670985195848e-06,16.9491295503,119.786351004,0,972821875.25,53.3145337926,53.8564024276,53.553872075303,2;3,2,256,266,sp|P07339|CATD_HUMAN Cathepsin D OS=Homo sapiens OX=9606 GN=CTSD PE=1 SV=1,Unmodified
GSLSYLN(N-Glycosylation)VTR{Hex:4; HexNAc:2},2162.9706090742397,-5.963010040787131e-06,14.515478475,111.400342379,0,232174835.75,53.7037925269,54.1123919116,53.90242951177,2,2,256,266,sp|P07339|CATD_HUMAN Cathepsin D OS=Homo sapiens OX=9606 GN=CTSD PE=1 SV=1,Unmodified
GSLSYLN(N-Glycosylation)VTR{Hex:3; HexNAc:2},2000.916594240142,-5.850518655188349e-06,13.0850210978,92.7126768441,0,220066230.0,54.0673768586,54.5222335444,54.293176395321,2,1,256,266,sp|P07339|CATD_HUMAN Cathepsin D OS=Homo sapiens OX=9606 GN=CTSD PE=1 SV=1,Unmodified
RQVQNLVN(N-Glycosylation)K{Hex:10; HexNAc:2},3124.3173180795784,6.451383499735612e-08,14.4442237311,49.8775627818,0,201431191.5,34.8696450418,35.1785674598,35.00235640866,3,1,432,441,sp|P15924|DESP_HUMAN Desmoplakin OS=Homo sapiens OX=9606 GN=DSP PE=1 SV=3,Unmodified
LN(N-Glycosylation)DSILQATEQRR{Hex:4; HexNAc:3; Neu5Ac:1},3091.371320489814,-4.876433812494351e-06,9.46852351889,10.3397250813,0.0172413793103,42259800.75,67.2019737786,67.4959153758,67.449722495302,3,1,1255,1268,sp|P15924|DESP_HUMAN Desmoplakin OS=Homo sapiens OX=9606 GN=DSP PE=1 SV=3,Unmodified
VTAAAM(Oxidation)AGN(N-Glycosylation)KSTPR{Fuc:2; Hex:5; HexNAc:7},3913.65992806,-5.34990146192e-06,0,8.65933196385,0.0243902439024,0,,,,3,1,1680,1694,sp|P12270|TPR_HUMAN Nucleoprotein TPR OS=Homo sapiens OX=9606 GN=TPR PE=1 SV=3,
MVSHHN(N-Glycosylation)LTTGATLINEQWLLTTAK{Fuc:2; Hex:5; HexNAc:4; Neu5Ac:1},4884.21303288595,-7.2009600920158e-06,-5.47631607409,21.6364331645,0,27388497.5,81.8814222441,82.070407727,81.991775308673,4,1,178,202,sp|P00738|HPT_HUMAN Haptoglobin OS=Homo sapiens OX=9606 GN=HP PE=1 SV=1,Unmodified
VVLHPN(N-Glycosylation)YSQVDIGLIK{Hex:5; HexNAc:4; Neu5Ac:2},3998.793522948678,-4.279562065381355e-06,13.4997843384,16.7957737377,0,275152042.0,74.9627480612,75.3364229109,75.181875692431,3,2,235,251,sp|P00738|HPT_HUMAN Haptoglobin OS=Homo sapiens OX=9606 GN=HP PE=1 SV=1,Unmodified
VVLHPN(N-Glycosylation)YSQVDIGLIK{Fuc:2; Hex:5; HexNAc:4; Neu5Ac:1},3999.798724,-4.78285234421e-07,0,11.7449271579,0.00877192982456,0,,,,3,1,235,251,sp|P00738|HPT_HUMAN Haptoglobin OS=Homo sapiens OX=9606 GN=HP PE=1 SV=1,
ALGFEN(N-Glycosylation)ATQALGR{Fuc:1; Hex:4; HexNAc:3; Neu5Ac:1},3041.3273749274717,-9.987585408417062e-06,7.53301084757,29.3780474003,0,22433492.5,64.5901159591,64.7760375089,64.66894852581,3,1,63,76,sp|Q08380|LG3BP_HUMAN Galectin-3-binding protein OS=Homo sapiens OX=9606 GN=LGALS3BP PE=1 SV=1,Unmodified
N(N-Glycosylation)MSFVNDLTVTQDGRK{Hex:6; HexNAc:2},3202.3832468691544,-7.483324142387757e-06,11.7934043334,36.637501658,0,72264930.5,59.5546025104,59.735987793,59.64477207524,3,2,195,211,sp|Q9HDC9|APMAP_HUMAN Adipocyte plasma membrane-associated protein OS=Homo sapiens OX=9606 GN=APMAP PE=1 SV=2,Unmodified
N(N-Glycosylation)MSFVNDLTVTQDGRK{Hex:7; HexNAc:2},3364.441193882735,-8.645734988114429e-06,9.46651900217,18.939459856,0,17908426.75,59.4199846095,59.4939221766,59.464335344855,3,1,195,211,sp|Q9HDC9|APMAP_HUMAN Adipocyte plasma membrane-associated protein OS=Homo sapiens OX=9606 GN=APMAP PE=1 SV=2,Unmodified
VIN(N-Glycosylation)ETWAWK{Fuc:2; Hex:4; HexNAc:4; Neu5Ac:1},3189.313355936197,4.266181602266147e-06,11.2776087162,10.6480894364,0.018018018018,67641530.75,34.8839115447,35.1354667253,35.061736312135,3,2,859,868,sp|Q9Y4L1|HYOU1_HUMAN Hypoxia up-regulated protein 1 OS=Homo sapiens OX=9606 GN=HYOU1 PE=1 SV=1,Unmodified
ALPQPQN(N-Glycosylation)VTSLLGC(Carbamidomethyl)TH{Fuc:2; Hex:5; HexNAc:4; Neu5Ac:1},3940.6922881,-6.88778920205e-06,0,19.0548737774,0,0,,,,3,1,446,462,sp|P02790|HEMO_HUMAN Hemopexin OS=Homo sapiens OX=9606 GN=HPX PE=1 SV=2,
N(N-Glycosylation)GSLFAFR{Fuc:2; Hex:5; HexNAc:4; Neu5Ac:1},3116.26004875,-3.55109549107e-07,0,10.0553751405,0.032,0,,,,3,1,168,176,sp|P04004|VTNC_HUMAN Vitronectin OS=Homo sapiens OX=9606 GN=VTN PE=1 SV=1,
EEQFN(N-Glycosylation)STFR{Fuc:1; Hex:3; HexNAc:4},2601.0688826356163,-7.73219615616884e-06,18.6677043155,113.327144878,0,2051699599.625,39.6731615609,40.4844063785,40.01437185866,2;3,4,171,180,sp|P01859|IGHG2_HUMAN Immunoglobulin heavy constant gamma 2 OS=Homo sapiens OX=9606 GN=IGHG2 PE=1 SV=3,Unmodified
TKPREEQFN(N-Glycosylation)STFR{Fuc:1; Hex:3; HexNAc:4},3083.3599662162064,-4.760780676758314e-06,15.9905360183,21.742081314,0,351773017.0,33.3527250594,33.7286488758,33.526704111322,3,3,167,180,sp|P01859|IGHG2_HUMAN Immunoglobulin heavy constant gamma 2 OS=Homo sapiens OX=9606 GN=IGHG2 PE=1 SV=3,Unmodified
GHVN(N-Glycosylation)ITR{Hex:5; HexNAc:4; Neu5Ac:2},3000.214807316058,-2.4105095975968203e-06,14.2042387598,72.5484518622,0,283068134.0,26.7341295944,27.1265294101,26.915183026218,3,2,117,124,sp|P00734|THRB_HUMAN Prothrombin OS=Homo sapiens OX=9606 GN=F2 PE=1 SV=2,Unmodified
N(N-Glycosylation)ITRIK{Fuc:1; Hex:4; HexNAc:3},2146.975553324356,-1.3324361200473554e-06,12.1284027085,35.5042362437,0,78391454.5,53.7340753621,53.9636427429,53.887298260752,2,2,150,156,sp|P51688|SPHM_HUMAN N-sulphoglucosamine sulphohydrolase OS=Homo sapiens OX=9606 GN=SGSH PE=1 SV=1,Unmodified
N(N-Glycosylation)ITRIK{Hex:3; HexNAc:3},1838.8718105337355,-5.356618410895114e-06,16.6706725762,11.83464441,0.018018018018,861582340.0,54.4769481447,55.1253921773,54.730625592295,2,2,150,156,sp|P51688|SPHM_HUMAN N-sulphoglucosamine sulphohydrolase OS=Homo sapiens OX=9606 GN=SGSH PE=1 SV=1,Unmodified
ASSSFQAN(N-Glycosylation)GTK{Hex:3; HexNAc:2},1988.8412617584956,-4.598122450282786e-06,18.7987581752,139.953866073,0,1987251380.0,25.06349091,25.5084630953,25.277998628839,2;3,4,125,136,sp|O96009|NAPSA_HUMAN Napsin-A OS=Homo sapiens OX=9606 GN=NAPSA PE=1 SV=1,Unmodified
ASSSFQAN(N-Glycosylation)GTK{Hex:5; HexNAc:2},2312.9463185201344,-3.6986851902809923e-06,14.1011677499,80.9340031208,0,100455315.75,24.8296487119,25.06349091,24.930627908929,2,2,125,136,sp|O96009|NAPSA_HUMAN Napsin-A OS=Homo sapiens OX=9606 GN=NAPSA PE=1 SV=1,Unmodified
ASSSFQAN(N-Glycosylation)GTK{Hex:4; HexNAc:2},2150.893693856435,-4.0697571992665586e-06,13.3830452458,31.5434187148,0,51652024.0,25.0341600921,25.2056985762,25.091624242687,2,2,125,136,sp|O96009|NAPSA_HUMAN Napsin-A OS=Homo sapiens OX=9606 GN=NAPSA PE=1 SV=1,Unmodified
KFDVNQLQN(N-Glycosylation)TTIK{Hex:4; HexNAc:2},2602.177304423321,9.027299980253715e-06,12.479451357,13.4554375212,0.00877192982456,100887991.75,62.070390243,62.3330615109,62.209637759749,2;3,1,705,718,sp|P12821|ACE_HUMAN Angiotensin-converting enzyme OS=Homo sapiens OX=9606 GN=ACE PE=1 SV=1,Unmodified
GHTLTLN(N-Glycosylation)FTR{Hex:6; HexNAc:3; Neu5Ac:1},3031.2890728751313,-7.931377910017215e-06,11.6965837722,117.865018634,0,95640081.0,56.4566701955,56.7157112585,56.563587310537,3,2,96,106,sp|P11279|LAMP1_HUMAN Lysosome-associated membrane glycoprotein 1 OS=Homo sapiens OX=9606 GN=LAMP1 PE=1 SV=3,Unmodified
LLNINPN(N-Glycosylation)K{Fuc:2; Hex:5; HexNAc:5},3042.32497126,-2.92807983534e-06,0,10.144829895,0.032,0,,,,3,1,254,262,sp|P11279|LAMP1_HUMAN Lysosome-associated membrane glycoprotein 1 OS=Homo sapiens OX=9606 GN=LAMP1 PE=1 SV=3,
KDN(N-Glycosylation)TTVTR{Fuc:1; Hex:6; HexNAc:5; Neu5Ac:1},3358.3723581605104,-5.1427418458804424e-06,8.89688337579,10.0400289621,0.032,20998637.34375,22.2085359599,22.5277365949,22.527736594899,3,1,246,254,sp|P11279|LAMP1_HUMAN Lysosome-associated membrane glycoprotein 1 OS=Homo sapiens OX=9606 GN=LAMP1 PE=1 SV=3,Unmodified
TVIN(N-Glycosylation)FTM(Oxidation)PNTIK{Hex:3; HexNAc:2},2286.0615754059213,-7.358762463871567e-06,11.3028640804,10.5277796733,0.00877192982456,94244807.5,57.2282204773,57.4419558273,57.333730441952,2;3,2,533,545,sp|Q96GQ7|DDX27_HUMAN Probable ATP-dependent RNA helicase DDX27 OS=Homo sapiens OX=9606 GN=DDX27 PE=1 SV=2,Unmodified
RPASN(N-Glycosylation)VSASIQR{Fuc:3; Hex:6; HexNAc:6},3913.65161896,1.31060815024e-06,0,14.1145188436,0,0,,,,3,1,805,817,sp|Q16363|LAMA4_HUMAN Laminin subunit alpha-4 OS=Homo sapiens OX=9606 GN=LAMA4 PE=1 SV=4,
LGLSFNSISAVDN(N-Glycosylation)GSLANTPHLR{Fuc:3; Hex:5; HexNAc:4},4443.012730789295,-6.352818260104682e-06,-21.3419759019,29.0971620459,0,11130603,80.7961018429,80.9988005267,80.998800526683,4,1,249,272,sp|P07585|PGS2_HUMAN Decorin OS=Homo sapiens OX=9606 GN=DCN PE=1 SV=1,Unmodified
LNYEHDN(N-Glycosylation)ISLKR{Fuc:1; Hex:5; HexNAc:4},3269.4094520695307,-4.421771063860475e-07,-20.7994674391,12.6525980175,0.00877192982456,9416774.5,42.7040688779,42.7185897098,42.70406887792,3,3,417,429,sp|Q969X6|UTP4_HUMAN U3 small nucleolar RNA-associated protein 4 homolog OS=Homo sapiens OX=9606 GN=UTP4 PE=1 SV=1,Unmodified
TKTEISEMNRN(N-Glycosylation)ISR{Hex:5; HexNAc:4; Neu5Ac:2},3882.639442985229,-5.198882439479353e-06,13.7711338341,26.3085734775,0,792779448.75,82.4639298425,83.6433574941,82.997217228635,3,3,302,316,"sp|P05787|K2C8_HUMAN Keratin, type II cytoskeletal 8 OS=Homo sapiens OX=9606 GN=KRT8 PE=1 SV=7",Unmodified
TKTEISEMNRN(N-Glycosylation)ISR{Fuc:2; Hex:5; HexNAc:4; Neu5Ac:1},3883.65306757,-3.45264595916e-06,0,12.0129096559,0.00877192982456,0,,,,3,1,302,316,"sp|P05787|K2C8_HUMAN Keratin, type II cytoskeletal 8 OS=Homo sapiens OX=9606 GN=KRT8 PE=1 SV=7",
EEQYN(N-Glycosylation)STYR{Fuc:1; Hex:3; HexNAc:4},2633.0482910614883,-3.6805863383506396e-06,14.1293779468,100.338604662,0,354704367.75,26.3348643289,26.7056642956,26.49080919288,2;3,4,294,303,sp|P0DOX5|IGG1_HUMAN Immunoglobulin gamma-1 heavy chain OS=Homo sapiens OX=9606 PE=1 SV=2,Unmodified
EEQYN(N-Glycosylation)STYR{Fuc:1; Hex:4; HexNAc:4},2795.102675006852,-4.025500935089785e-06,15.0520834206,70.4314852269,0,472998006.75,26.1744089788,26.5775857951,26.320583727582,2;3,4,294,303,sp|P0DOX5|IGG1_HUMAN Immunoglobulin gamma-1 heavy chain OS=Homo sapiens OX=9606 PE=1 SV=2,Unmodified
EEQYN(N-Glycosylation)STYR{Fuc:1; Hex:9; HexNAc:4},3606.38907655,-0.000286584757449,0,15.1631650176,0.018018018018,0,,,,3,1,294,303,sp|P0DOX5|IGG1_HUMAN Immunoglobulin gamma-1 heavy chain OS=Homo sapiens OX=9606 PE=1 SV=2,
LQLSNGN(N-Glycosylation)MTLTLLSVK{Hex:5; HexNAc:4; Neu5Ac:1},3644.65026273311,-3.6170255936108334e-06,10.4977108685,31.5595732753,0,135077819.0,86.3615302271,86.7692669259,86.54970459404,3,1,190,206,sp|P40199|CEAM6_HUMAN Carcinoembryonic antigen-related cell adhesion molecule 6 OS=Homo sapiens OX=9606 GN=CEACAM6 PE=1 SV=4,Unmodified
LQLSNGN(N-Glycosylation)MTLTLLSVK{Hex:4; HexNAc:3; Neu5Ac:1},3279.5087912115077,-1.1914008885617236e-06,11.3885664986,26.0285832372,0,238005258.5,87.3959996607,87.8044949438,87.66370032889,3,2,190,206,sp|P40199|CEAM6_HUMAN Carcinoembryonic antigen-related cell adhesion molecule 6 OS=Homo sapiens OX=9606 GN=CEACAM6 PE=1 SV=4,Unmodified
LQLSNGN(N-Glycosylation)MTLTLLSVK{Fuc:2; Hex:5; HexNAc:4; Neu5Ac:1},3936.74795434,1.25565519484e-06,0,24.821122323,0,0,,,,3,2,190,206,sp|P40199|CEAM6_HUMAN Carcinoembryonic antigen-related cell adhesion molecule 6 OS=Homo sapiens OX=9606 GN=CEACAM6 PE=1 SV=4,
LQLSNGN(N-Glycosylation)MTLTLLSVK{Fuc:2; Hex:5; HexNAc:4},3645.6534574413286,1.1036676849247751e-06,11.9615346765,17.1904280785,0,93015083.5,86.3459984766,86.6747318771,86.518122325961,3,1,190,206,sp|P40199|CEAM6_HUMAN Carcinoembryonic antigen-related cell adhesion molecule 6 OS=Homo sapiens OX=9606 GN=CEACAM6 PE=1 SV=4,Unmodified
RVN(N-Glycosylation)TTQKR{Fuc:1; Hex:6; HexNAc:5; Neu5Ac:1},3426.4519386202755,-3.4393201471059848e-06,12.9908927565,59.9021650507,0,245390146.25,81.850214325,82.4951247758,82.149047826354,3,2,113,121,sp|P36578|RL4_HUMAN Large ribosomal subunit protein uL4 OS=Homo sapiens OX=9606 GN=RPL4 PE=1 SV=5,Unmodified
RVN(N-Glycosylation)TTQKR{Hex:5; HexNAc:6},3030.3250094939267,-3.838447427324356e-06,14.9057874223,35.6583431167,0,19750371.0,78.4490439083,78.5750568257,78.527688577398,3,2,113,121,sp|P36578|RL4_HUMAN Large ribosomal subunit protein uL4 OS=Homo sapiens OX=9606 GN=RPL4 PE=1 SV=5,Unmodified
RVN(N-Glycosylation)TTQKR{Fuc:1; Hex:6; HexNAc:5; Neu5Ac:2},3718.52987884,-0.000267392870443,0,15.8932962918,0,0,,,,3,1,113,121,sp|P36578|RL4_HUMAN Large ribosomal subunit protein uL4 OS=Homo sapiens OX=9606 GN=RPL4 PE=1 SV=5,
MIEN(N-Glycosylation)GSLSFLPTLR{Fuc:1; Hex:5; HexNAc:4; Neu5Ac:1},3636.5837883211857,-5.648715704494065e-06,-0.791913694325,67.9256030134,0,34880814.5,85.5113391783,85.7789624757,85.574570344512,3,4,266,280,sp|P21810|PGS1_HUMAN Biglycan OS=Homo sapiens OX=9606 GN=BGN PE=1 SV=2,Unmodified
LLQVVYLHSNN(N-Glycosylation)ITK{Fuc:1; Hex:5; HexNAc:4; Neu5Ac:2},3991.795620679418,-1.009085068128407e-05,12.7677899919,65.2319695888,0,114031600.25,65.3724720782,65.7934611108,65.559883326912,3,2,300,314,sp|P21810|PGS1_HUMAN Biglycan OS=Homo sapiens OX=9606 GN=BGN PE=1 SV=2,Unmodified
MIEN(N-Glycosylation)GSLSFLPTLR{Fuc:2; Hex:6; HexNAc:4},3653.607854832331,-8.01750743247695e-06,10.7990681838,54.3034580494,0,122042200.5,85.4644402768,85.7478328771,85.637304992104,3,1,266,280,sp|P21810|PGS1_HUMAN Biglycan OS=Homo sapiens OX=9606 GN=BGN PE=1 SV=2,Unmodified
KKEDALN(N-Glycosylation)ETR{Fuc:2; Hex:8; HexNAc:5},3806.5431751368897,4.625459948830048e-06,-21.5332306825,17.8491353116,0,4189602,72.3927006787,72.3927006787,72.39270067873,3,1,79,89,sp|P10909|CLUS_HUMAN Clusterin OS=Homo sapiens OX=9606 GN=CLU PE=1 SV=1,Unmodified
GVFITN(N-Glycosylation)ETGQPLIGK{Hex:4; HexNAc:2},2627.2458237697683,-9.373930557173682e-06,13.509108697,127.471221346,0,151518621.25,64.606592475,64.8956033097,64.730271759256,2;3,4,464,479,sp|P10253|LYAG_HUMAN Lysosomal alpha-glucosidase OS=Homo sapiens OX=9606 GN=GAA PE=1 SV=4,Unmodified
GVFITN(N-Glycosylation)ETGQPLIGK{Hex:6; HexNAc:2},2951.3506276868748,-8.058920479231217e-06,13.3957210561,127.222480114,0,167418719.5,63.7945031947,64.0681656267,63.855698909982,2;3,2,464,479,sp|P10253|LYAG_HUMAN Lysosomal alpha-glucosidase OS=Homo sapiens OX=9606 GN=GAA PE=1 SV=4,Unmodified
GVFITN(N-Glycosylation)ETGQPLIGK{Hex:5; HexNAc:2},2789.296426966312,-8.033351254974375e-06,14.4242448834,119.442802028,0,444658552.125,64.0681656267,64.4817968116,64.252146926149,2;3,3,464,479,sp|P10253|LYAG_HUMAN Lysosomal alpha-glucosidase OS=Homo sapiens OX=9606 GN=GAA PE=1 SV=4,Unmodified
QVVEN(N-Glycosylation)MTR{Hex:3; HexNAc:2},1867.8063961323066,-4.505760733168636e-06,18.0790012793,119.039239226,0,1643898643.75,29.3508624937,29.9419423606,29.52307532889,2,1,385,393,sp|P10253|LYAG_HUMAN Lysosomal alpha-glucosidase OS=Homo sapiens OX=9606 GN=GAA PE=1 SV=4,Unmodified
QVVEN(N-Glycosylation)M(Oxidation)TR{Hex:3; HexNAc:2},1883.8024973737247,-5.097206394018262e-06,15.2060455077,80.1218998788,0,101271372.625,23.9217279778,24.1859821942,24.084118575478,2,2,385,393,sp|P10253|LYAG_HUMAN Lysosomal alpha-glucosidase OS=Homo sapiens OX=9606 GN=GAA PE=1 SV=4,Unmodified
FN(N-Glycosylation)GSVSFFR{Hex:6; HexNAc:2},2438.009260537709,-8.119599256495603e-06,13.7181347257,80.5169705227,0,160908259.75,63.1326067116,63.54835106,63.347966228549,2,2,85,94,sp|P55083|MFAP4_HUMAN Microfibril-associated glycoprotein 4 OS=Homo sapiens OX=9606 GN=MFAP4 PE=1 SV=2,Unmodified
N(N-Glycosylation)DTASYK{Hex:6; HexNAc:2},2175.820712976391,4.834923289471985e-06,15.6418926109,39.2001692917,0,509974099.75,27.6287669089,28.0876062936,27.770229393864,2,1,207,214,sp|P06731|CEAM5_HUMAN Carcinoembryonic antigen-related cell adhesion molecule 5 OS=Homo sapiens OX=9606 GN=CEACAM5 PE=1 SV=4,Unmodified
N(N-Glycosylation)DTASYK{Hex:5; HexNAc:2},2013.7729262807234,2.7228508909944287e-06,17.3494074298,10.1869685943,0.032,1343258330.0,27.8710635927,28.4270526276,28.058323993905,2,2,207,214,sp|P06731|CEAM5_HUMAN Carcinoembryonic antigen-related cell adhesion molecule 5 OS=Homo sapiens OX=9606 GN=CEACAM5 PE=1 SV=4,Unmodified
N(N-Glycosylation)DTASYK{Hex:4; HexNAc:2},1851.722184162908,1.8371561083675253e-06,13.3874355752,9.94777311051,0.032,747938454.0,28.2162452287,29.0292092111,28.385141760731,2,2,207,214,sp|P06731|CEAM5_HUMAN Carcinoembryonic antigen-related cell adhesion molecule 5 OS=Homo sapiens OX=9606 GN=CEACAM5 PE=1 SV=4,Unmodified
N(N-Glycosylation)LTKLK{Hex:9; HexNAc:4},2986.2607782640057,-2.8975513521872063e-06,13.865676262,86.6604172208,0,246193324.5,42.7943851418,43.4001094924,42.990010478719,3,2,1023,1029,sp|P35749|MYH11_HUMAN Myosin-11 OS=Homo sapiens OX=9606 GN=MYH11 PE=1 SV=3,Unmodified
AKN(N-Glycosylation)LTK{Fuc:1; Hex:7; HexNAc:5; Neu5Ac:2},3551.439668829009,-3.3862625049637935e-06,12.113727204,62.900878716,0,311749342.5,66.9723712788,68.0474335617,67.678773691877,3,4,1021,1027,sp|P35749|MYH11_HUMAN Myosin-11 OS=Homo sapiens OX=9606 GN=MYH11 PE=1 SV=3,Unmodified
N(N-Glycosylation)LTKLK{Hex:8; HexNAc:4},2824.200035338807,-2.59661939005588e-07,15.2862541533,56.7858419069,0,456218787.25,43.1065358943,43.7756904112,43.429422893747,3,2,1023,1029,sp|P35749|MYH11_HUMAN Myosin-11 OS=Homo sapiens OX=9606 GN=MYH11 PE=1 SV=3,Unmodified
GASN(N-Glycosylation)LTWR{Hex:4; HexNAc:2},1957.8367627596751,-5.342423568949422e-06,15.5705889277,87.9584165281,0,224781927.75,39.005299992,39.4960529433,39.123245758438,2,2,401,409,sp|P15586|GNS_HUMAN N-acetylglucosamine-6-sulfatase OS=Homo sapiens OX=9606 GN=GNS PE=1 SV=3,Unmodified
GASN(N-Glycosylation)LTWR{Hex:6; HexNAc:2},2281.942919802642,-4.807218943492323e-06,16.3008898655,74.62587208,0,762083822.75,38.055776543,38.6799811787,38.338725478077,2,1,401,409,sp|P15586|GNS_HUMAN N-acetylglucosamine-6-sulfatase OS=Homo sapiens OX=9606 GN=GNS PE=1 SV=3,Unmodified
GASN(N-Glycosylation)LTWR{Hex:3; HexNAc:2},1795.787769802904,-7.957541105111097e-06,14.0288298149,73.0216106713,0,143316142.5,39.6439477589,40.1177351421,39.880941926066,2,2,401,409,sp|P15586|GNS_HUMAN N-acetylglucosamine-6-sulfatase OS=Homo sapiens OX=9606 GN=GNS PE=1 SV=3,Unmodified
GASN(N-Glycosylation)LTWR{Hex:5; HexNAc:2},2119.884835376049,-2.6929722993917535e-06,14.6163228316,63.7918484546,0,272027743.0,38.5900855607,39.0793127285,38.811135910575,2,2,401,409,sp|P15586|GNS_HUMAN N-acetylglucosamine-6-sulfatase OS=Homo sapiens OX=9606 GN=GNS PE=1 SV=3,Unmodified
LVGGPVAGGDPN(N-Glycosylation)QTIR{Hex:5; HexNAc:2},2766.2592782883344,-5.480999573580182e-06,10.0734638976,118.539087938,0,47640760.75,43.7294732756,43.8652261601,43.790356225395,2;3,2,83,99,sp|O15230|LAMA5_HUMAN Laminin subunit alpha-5 OS=Homo sapiens OX=9606 GN=LAMA5 PE=1 SV=8,Unmodified
ILQDKLN(N-Glycosylation)STMK{Fuc:2; Hex:4; HexNAc:4},3042.32136778,8.07145803183e-06,0,14.1307440639,0,0,,,,3,1,2623,2634,"sp|Q14573|ITPR3_HUMAN Inositol 1,4,5-trisphosphate receptor type 3 OS=Homo sapiens OX=9606 GN=ITPR3 PE=1 SV=2",
N(N-Glycosylation)ATVVWMKDNIRLR{Hex:9; HexNAc:2},3580.5869774099797,-0.0002856313961070483,9.67476660222,27.0175880573,0,39662087.5,62.9786585119,63.2712010926,63.271201092625,3,1,360,374,sp|Q13740|CD166_HUMAN CD166 antigen OS=Homo sapiens OX=9606 GN=ALCAM PE=1 SV=2,Unmodified
N(N-Glycosylation)LSDLLEKVK{Hex:7; HexNAc:4; Neu5Ac:2},3686.561832433177,-4.925157974401177e-06,9.90516575349,24.699033088,0,32432057.5,39.8365074104,40.1465772615,39.851709412162,3,1,418,428,sp|Q7Z4H8|PLGT3_HUMAN Protein O-glucosyltransferase 3 OS=Homo sapiens OX=9606 GN=POGLUT3 PE=1 SV=2,Unmodified
SALALAIKVLN(N-Glycosylation)K{Fuc:1; Hex:8; HexNAc:4},3495.61717195,-0.000294004732614,0,9.62905996918,0.0243902439024,0,,,,3,1,187,199,sp|P25789|PSA4_HUMAN Proteasome subunit alpha type-4 OS=Homo sapiens OX=9606 GN=PSMA4 PE=1 SV=1,
ALVN(N-Glycosylation)FTR{Hex:6; HexNAc:5; Neu5Ac:1},3098.291705320628,-7.164754984126912e-06,-4.88343472565,86.0496003551,0,15247944.5,50.9369605607,51.1928870426,51.163237041855,3,1,85,92,sp|P98160|PGBM_HUMAN Basement membrane-specific heparan sulfate proteoglycan core protein OS=Homo sapiens OX=9606 GN=HSPG2 PE=1 SV=4,Unmodified
N(N-Glycosylation)MTLFSDLVAEK{Fuc:3; Hex:5; HexNAc:4; Neu5Ac:1},3718.53048808,1.38386763612e-07,0,19.1789369012,0,0,,,,3,1,784,796,sp|P12110|CO6A2_HUMAN Collagen alpha-2(VI) chain OS=Homo sapiens OX=9606 GN=COL6A2 PE=1 SV=4,
N(N-Glycosylation)KTRVVSYR{Fuc:1; Hex:5; HexNAc:4; Neu5Ac:2},3472.4646257073287,-1.075981489017149e-06,13.9705159359,44.0627553771,0,420227524.0,30.6657314088,31.1718681441,30.842472377046,3,2,452,461,sp|Q14764|MVP_HUMAN Major vault protein OS=Homo sapiens OX=9606 GN=MVP PE=1 SV=4,Unmodified
TAN(N-Glycosylation)DTSTEAYNLLLR{Hex:5; HexNAc:2},2897.2679473414278,-4.558316975986904e-06,12.8559996987,98.5079261333,0,188959547.5,68.5910189456,68.9459280437,68.743566762034,2;3,3,1202,1217,sp|P11047|LAMC1_HUMAN Laminin subunit gamma-1 OS=Homo sapiens OX=9606 GN=LAMC1 PE=1 SV=3,Unmodified
LLNN(N-Glycosylation)LTSIK{Fuc:1; Hex:7; HexNAc:4},3107.3686756258753,-5.2029417501355835e-06,14.8220039963,23.2793881398,0,158958767.5,42.7636680271,43.0623379932,42.870290758832,3,2,646,655,sp|P11047|LAMC1_HUMAN Laminin subunit gamma-1 OS=Homo sapiens OX=9606 GN=LAMC1 PE=1 SV=3,Unmodified
FN(N-Glycosylation)KTKTFR{Hex:9; HexNAc:5; Neu5Ac:1},3805.5538963165236,-2.4943824270642907e-06,10.2111685275,54.9095726892,0,74283211.75,72.3768689778,72.8148374782,72.471435593192,3,1,2943,2951,sp|Q16787|LAMA3_HUMAN Laminin subunit alpha-3 OS=Homo sapiens OX=9606 GN=LAMA3 PE=1 SV=3,Unmodified
GSTRFN(N-Glycosylation)K{Hex:5; HexNAc:2},2024.826218388646,7.800378822800621e-06,11.4472510005,8.90424724124,0.032,80396022.75,28.9176029788,29.0988207923,28.987664225324,2,1,2939,2946,sp|Q16787|LAMA3_HUMAN Laminin subunit alpha-3 OS=Homo sapiens OX=9606 GN=LAMA3 PE=1 SV=3,Unmodified
TVLEN(N-Glycosylation)STSYEEAK{Hex:5; HexNAc:2},2686.1289891918077,-6.536806262140413e-06,16.0625344965,137.001099261,0,1208996011.25,35.4584053423,36.193787943,35.752266226832,2;3,2,254,267,sp|Q13510|ASAH1_HUMAN Acid ceramidase OS=Homo sapiens OX=9606 GN=ASAH1 PE=1 SV=5,Unmodified
TVLEN(N-Glycosylation)STSYEEAK{Hex:6; HexNAc:2},2848.1795319437033,-5.364141558431577e-06,14.9104916542,110.976351928,0,717819720.375,35.19336626,35.8552943931,35.400841743374,2;3,2,254,267,sp|Q13510|ASAH1_HUMAN Acid ceramidase OS=Homo sapiens OX=9606 GN=ASAH1 PE=1 SV=5,Unmodified
TVLEN(N-Glycosylation)STSYEEAK{Hex:7; HexNAc:2},3010.232291793294,-5.054250904437907e-06,16.5457461196,102.750100818,0,873213192.5,35.0175059782,35.6780653423,35.29651042881,2;3,2,254,267,sp|Q13510|ASAH1_HUMAN Acid ceramidase OS=Homo sapiens OX=9606 GN=ASAH1 PE=1 SV=5,Unmodified
N(N-Glycosylation)RSFSR{Fuc:1; Hex:6; HexNAc:3; Neu5Ac:1},2784.0990085245985,-8.764975963251235e-07,16.8246510718,59.093745633,0,477609687.75,23.4816253927,24.0264414933,23.657411395137,2;3,3,168,174,sp|O75494|SRS10_HUMAN Serine/arginine-rich splicing factor 10 OS=Homo sapiens OX=9606 GN=SRSF10 PE=1 SV=1,Unmodified
N(N-Glycosylation)RSFSR{Fuc:1; Hex:7; HexNAc:4; Neu5Ac:1},3149.233643877815,-1.549478967643657e-06,12.2078670555,46.6204414657,0,144850925.625,23.5533613946,24.0112118787,23.716264544551,3,2,168,174,sp|O75494|SRS10_HUMAN Serine/arginine-rich splicing factor 10 OS=Homo sapiens OX=9606 GN=SRSF10 PE=1 SV=1,Unmodified
LNN(N-Glycosylation)KSAKVR{Fuc:1; Hex:4; HexNAc:3},2432.129133213029,-5.236763420623245e-06,12.7773643844,21.9064389856,0,107077667.25,56.8706108755,57.1253118779,56.991666375224,2;3,1,939,948,sp|O75533|SF3B1_HUMAN Splicing factor 3B subunit 1 OS=Homo sapiens OX=9606 GN=SF3B1 PE=1 SV=3,Unmodified
SLLIKN(N-Glycosylation)NSLPRK{Fuc:3; Hex:5; HexNAc:4},3442.58251876,3.87731916007e-06,0,12.1735884139,0.00877192982456,0,,,,3,1,893,905,sp|Q68E01|INT3_HUMAN Integrator complex subunit 3 OS=Homo sapiens OX=9606 GN=INTS3 PE=1 SV=1,
NKETLIIEPEKN(N-Glycosylation)ASR{Hex:8; HexNAc:2},3443.495980883456,6.494511045774716e-06,13.0803217262,27.5715801924,0,87650053.5,83.5172855085,83.722682276,83.6746343599,3,1,318,333,sp|O14974|MYPT1_HUMAN Protein phosphatase 1 regulatory subunit 12A OS=Homo sapiens OX=9606 GN=PPP1R12A PE=1 SV=1,Unmodified
FRSRLQN(N-Glycosylation)FSR{Fuc:1; Hex:4; HexNAc:3; Neu5Ac:1},3004.3355503657262,-1.0805222876048948e-05,-4.41254249882,62.4283287638,0,14468180.75,68.3890335785,68.544597378,68.389033578459,3,2,3820,3830,sp|Q63HN8|RN213_HUMAN E3 ubiquitin-protein ligase RNF213 OS=Homo sapiens OX=9606 GN=RNF213 PE=1 SV=3,Unmodified
ANTLDNQLTN(N-Glycosylation)R{Fuc:3; Hex:6; HexNAc:5},3684.53784031,-6.44139637828e-06,0,16.1549203853,0,0,,,,3,1,109,120,sp|O95171|SCEL_HUMAN Sciellin OS=Homo sapiens OX=9606 GN=SCEL PE=1 SV=2,
ATAIN(N-Glycosylation)ASR{Hex:3; HexNAc:3},1897.8178162296786,4.471944914278276e-06,16.514827937,9.67469630946,0.032,267451643.0,29.594626926,29.9563265946,29.75403441054,2,2,1973,1981,sp|Q6GYQ0|RGPA1_HUMAN Ral GTPase-activating protein subunit alpha-1 OS=Homo sapiens OX=9606 GN=RALGAPA1 PE=1 SV=1,Unmodified
N(N-Glycosylation)LTLRC(Carbamidomethyl)QVEGGAPR{Hex:6; HexNAc:3; Neu5Ac:1},3442.48369756,-8.32655310762e-06,0,13.526039684,0.00877192982456,0,,,,3,1,129,143,sp|P05362|ICAM1_HUMAN Intercellular adhesion molecule 1 OS=Homo sapiens OX=9606 GN=ICAM1 PE=1 SV=2,
N(N-Glycosylation)QTRELRVLYGPR{Fuc:3; Hex:5; HexNAc:4},3661.6677625636253,-8.918550743222224e-06,10.8303183482,13.4167276389,0.00877192982456,69296581.25,43.0769082771,43.4904333101,43.358147810523,4,1,384,397,sp|P05362|ICAM1_HUMAN Intercellular adhesion molecule 1 OS=Homo sapiens OX=9606 GN=ICAM1 PE=1 SV=2,Unmodified
N(N-Glycosylation)LTLRC(Carbamidomethyl)QVEGGAPR{Hex:5; HexNAc:3},2989.3248639016433,-6.04494027104516e-06,8.00172189703,11.1739811264,0.00877192982456,63226846.125,78.4014572289,78.8426630285,78.401457228883,3,3,129,143,sp|P05362|ICAM1_HUMAN Intercellular adhesion molecule 1 OS=Homo sapiens OX=9606 GN=ICAM1 PE=1 SV=2,Unmodified
VN(N-Glycosylation)RSTALLK{Fuc:1; Hex:8; HexNAc:4},3255.415859848693,-4.590791860866235e-06,9.97339269172,21.4287437062,0,27954598.75,68.3283689287,68.4813674277,68.404366245492,3,2,3471,3480,sp|Q14204|DYHC1_HUMAN Cytoplasmic dynein 1 heavy chain 1 OS=Homo sapiens OX=9606 GN=DYNC1H1 PE=1 SV=5,Unmodified
VTN(N-Glycosylation)KSQIR{Fuc:3; Hex:7; HexNAc:6},3735.56631673,-1.67654788037e-06,0,10.5502469578,0.018018018018,0,,,,3,1,202,210,sp|P27694|RFA1_HUMAN Replication protein A 70 kDa DNA-binding subunit OS=Homo sapiens OX=9606 GN=RPA1 PE=1 SV=2,
VYKPSAGN(N-Glycosylation)NSLYR{Hex:5; HexNAc:4; Neu5Ac:2},3672.541062039076,-5.880161381922859e-06,14.1167394056,24.8681842966,0,409334653.5,39.1821274585,39.8961392429,39.496052943293,3,2,154,167,sp|P02749|APOH_HUMAN Beta-2-glycoprotein 1 OS=Homo sapiens OX=9606 GN=APOH PE=1 SV=3,Unmodified
AEGPGLN(N-Glycosylation)R{Fuc:1; Hex:4; HexNAc:6; Neu5Ac:1},3116.2643917,-3.03963778096e-06,0,8.84391225076,0.032,0,,,,3,1,871,879,sp|Q14315|FLNC_HUMAN Filamin-C OS=Homo sapiens OX=9606 GN=FLNC PE=1 SV=3,
IMGPN(N-Glycosylation)YTPGKK{Hex:6; HexNAc:4},2989.297952263487,-1.2073902388830044e-05,10.5536063615,25.8047070897,0,66037670.5,78.3064250932,78.51144506,78.38587124211,3,1,428,439,sp|P13639|EF2_HUMAN Elongation factor 2 OS=Homo sapiens OX=9606 GN=EEF2 PE=1 SV=4,Unmodified
SLGPPGPPFN(N-Glycosylation)ITPRK{Fuc:1; Hex:5; HexNAc:4},3345.499290510384,3.822163971678485e-06,10.8170823111,16.9651085799,0,66578069.5,28.0876062936,28.20203146,28.130569794401,4,1,1769,1784,sp|Q9NZM1|MYOF_HUMAN Myoferlin OS=Homo sapiens OX=9606 GN=MYOF PE=1 SV=1,Unmodified
LPIRM(Oxidation)AKGLGN(N-Glycosylation)ISAK{Fuc:2; Hex:5; HexNAc:5},3701.71629643,-5.77215497344e-06,0,8.84264034848,0.0243902439024,0,,,,3,1,509,524,sp|O95436|NPT2B_HUMAN Sodium-dependent phosphate transport protein 2B OS=Homo sapiens OX=9606 GN=SLC34A2 PE=1 SV=3,
IIQRN(N-Glycosylation)RTER{Fuc:1; Hex:6; HexNAc:4},3115.3509878358914,4.864223552350049e-06,13.0376177261,59.3739527151,0,76293845.25,24.9597262607,25.0777904417,25.004425862058,3;4,4,582,591,"sp|P13807|GYS1_HUMAN Glycogen [starch] synthase, muscle OS=Homo sapiens OX=9606 GN=GYS1 PE=1 SV=2",Unmodified
IIQRN(N-Glycosylation)R{Fuc:2; Hex:7; HexNAc:6; Neu5Ac:1},3734.55260665,-3.46865302616e-06,0,42.3372224612,0,0,,,,3,1,582,588,"sp|P13807|GYS1_HUMAN Glycogen [starch] synthase, muscle OS=Homo sapiens OX=9606 GN=GYS1 PE=1 SV=2",
EEQFN(N-Glycosylation)STYR{Fuc:1; Hex:3; HexNAc:4},2617.055903889361,-4.668837598205183e-06,14.7912040968,82.3110725815,0,470648639.625,31.2007675117,31.6961869107,31.419313775126,2;3,4,172,181,sp|P01861|IGHG4_HUMAN Immunoglobulin heavy constant gamma 4 OS=Homo sapiens OX=9606 GN=IGHG4 PE=1 SV=2,Unmodified
IVEIPFN(N-Glycosylation)STNKYQLSIHKNPNTSEPQHLLVM(Oxidation)K{Hex:3; HexNAc:8},5848.70711337,-0.000507504781257,0,8.13106739067,0.0387596899225,0,,,,4,1,476,508,sp|P05023|AT1A1_HUMAN Sodium/potassium-transporting ATPase subunit alpha-1 OS=Homo sapiens OX=9606 GN=ATP1A1 PE=1 SV=1,
SPN(N-Glycosylation)GTIR{Fuc:1; Hex:4; HexNAc:3},2146.8926902825774,3.368271080870438e-06,12.427561952,66.3240352456,0,56541681.0,25.5655890928,25.6661207424,25.608471908792,3,2,93,100,sp|O75874|IDHC_HUMAN Isocitrate dehydrogenase [NADP] cytoplasmic OS=Homo sapiens OX=9606 GN=IDH1 PE=1 SV=2,Unmodified
N(N-Glycosylation)FSPYYSR{Fuc:1; Hex:4; HexNAc:4; Neu5Ac:1},2930.158188174946,-3.270927015244172e-06,13.0031579862,40.2515218404,0,63632621.6875,23.2604908254,23.862240627,23.40817955993,3,2,26,34,sp|Q9BZQ8|NIBA1_HUMAN Protein Niban 1 OS=Homo sapiens OX=9606 GN=NIBAN1 PE=1 SV=1,Unmodified
GIIIN(N-Glycosylation)ETSAVVYAQLLTGR{Fuc:1; Hex:6; HexNAc:5; Neu5Ac:1},4442.000405641289,-2.8110960533381123e-06,13.7454357967,32.1164886179,0,270439584.0,80.764823042,81.04633386,80.874433075015,3;4,1,785,804,sp|Q8IZH2|XRN1_HUMAN 5'-3' exoribonuclease 1 OS=Homo sapiens OX=9606 GN=XRN1 PE=1 SV=1,Unmodified
HYHLKRN(N-Glycosylation)QSFC(Carbamidomethyl)PTVNLDK{Fuc:1; Hex:3; HexNAc:4},3700.6727687618613,-4.511327481586045e-06,-3.82814329559,13.1089385269,0,9002063.25,78.8742625938,78.9541292256,78.87426259381,3,2,59,77,sp|P46776|RL27A_HUMAN Large ribosomal subunit protein uL15 OS=Homo sapiens OX=9606 GN=RPL27A PE=1 SV=2,Unmodified
LILDN(N-Glycosylation)DTIK{Fuc:1; Hex:6; HexNAc:5},3177.37044385,-3.9203419902e-06,0,9.83169711456,0.032,0,,,,3,1,405,414,sp|Q8WXX0|DYH7_HUMAN Dynein axonemal heavy chain 7 OS=Homo sapiens OX=9606 GN=DNAH7 PE=1 SV=2,
VIKEN(N-Glycosylation)LSPK{Fuc:1; Hex:9; HexNAc:4},3443.474507165215,-4.7487386712011036e-06,-5.35746354553,61.6164669782,0,19684572.0,82.1490478264,82.2599040097,82.149047826354,3,2,428,437,sp|A0FGR8|ESYT2_HUMAN Extended synaptotagmin-2 OS=Homo sapiens OX=9606 GN=ESYT2 PE=1 SV=1,Unmodified
GRN(N-Glycosylation)WSRER{Hex:5; HexNAc:2},2275.956243244776,-5.086894573086814e-07,15.9580481009,78.4073813466,0,332065538.75,63.4883156604,63.9315295087,63.686758294328,2,2,2119,2127,sp|Q9BTC0|DIDO1_HUMAN Death-inducer obliterator 1 OS=Homo sapiens OX=9606 GN=DIDO1 PE=1 SV=5,Unmodified
ALAGLVYN(N-Glycosylation)ASGSEHC(Carbamidomethyl)YDIYR{Hex:3; HexNAc:2},3150.3845430316064,-7.843737013583368e-06,-4.19694684862,25.5684407583,0,14528958.0,65.8699109938,65.9461664941,65.915085342153,3,1,307,327,sp|Q9UHL4|DPP2_HUMAN Dipeptidyl peptidase 2 OS=Homo sapiens OX=9606 GN=DPP7 PE=1 SV=3,Unmodified
EN(N-Glycosylation)KSLQEELSLAR{Fuc:2; Hex:6; HexNAc:4; Neu5Ac:1},3883.66431943,-7.56226017866e-06,0,12.9059914533,0.00877192982456,0,,,,3,1,1497,1510,sp|Q14789|GOGB1_HUMAN Golgin subfamily B member 1 OS=Homo sapiens OX=9606 GN=GOLGB1 PE=1 SV=2,
AIN(N-Glycosylation)STRTHLFDSRPR{Fuc:1; Hex:6; HexNAc:3},3497.57150638,-8.58486726434e-06,0,18.0803299127,0,0,,,,3,1,637,652,sp|Q92626|PXDN_HUMAN Peroxidasin homolog OS=Homo sapiens OX=9606 GN=PXDN PE=1 SV=2,
LN(N-Glycosylation)DSYRLQR{Fuc:4; Hex:6; HexNAc:5},3735.56016931,-2.68002995437e-06,0,11.9191220872,0.018018018018,0,,,,3,1,356,365,"sp|Q13813|SPTN1_HUMAN Spectrin alpha chain, non-erythrocytic 1 OS=Homo sapiens OX=9606 GN=SPTAN1 PE=1 SV=3",
LN(N-Glycosylation)KSELKELLTR{Fuc:1; Hex:4; HexNAc:7},3658.698474239387,-7.649167181743703e-06,10.2930484004,9.06188713856,0.0243902439024,70254632.75,64.8215946422,64.941398059,64.880260577424,3;4,1,28,40,sp|P26447|S10A4_HUMAN Protein S100-A4 OS=Homo sapiens OX=9606 GN=S100A4 PE=1 SV=1,Unmodified
NEIKEN(N-Glycosylation)K{Fuc:1; Hex:6; HexNAc:4},2804.1500183111275,-7.428903888815066e-07,12.9540548448,78.287805062,0,176798557.0,39.9108069605,40.3650131927,40.146577261511,3,2,442,449,sp|Q5RHP9|ERIC3_HUMAN Glutamate-rich protein 3 OS=Homo sapiens OX=9606 GN=ERICH3 PE=1 SV=1,Unmodified
N(N-Glycosylation)LSLRLEGLQEK{Fuc:1; Hex:8; HexNAc:4},3654.6110041,-0.000281819322641,0,12.3572110499,0.00877192982456,0,,,,3,2,107,119,sp|Q96AP7|ESAM_HUMAN Endothelial cell-selective adhesion molecule OS=Homo sapiens OX=9606 GN=ESAM PE=1 SV=1,
VM(Oxidation)VTN(N-Glycosylation)VTSLLKTVK{Hex:8; HexNAc:4},3657.66610975,-0.000281700628538,0,14.9435006157,0,0,,,,3,1,2119,2133,sp|Q9Y490|TLN1_HUMAN Talin-1 OS=Homo sapiens OX=9606 GN=TLN1 PE=1 SV=3,
N(N-Glycosylation)DSLRK{Fuc:1; Hex:4; HexNAc:3},2134.893929320712,2.8068272365857018e-06,18.3542844178,47.3696029644,0,2148923564.0,25.4088548448,25.8853036112,25.537191612148,2;3,4,187,193,sp|Q15631|TSN_HUMAN Translin OS=Homo sapiens OX=9606 GN=TSN PE=1 SV=1,Unmodified
GFFNLN(N-Glycosylation)RSSKR{Fuc:1; Hex:5; HexNAc:4; Neu5Ac:2},3675.5443673170776,-3.8093337635851544e-06,15.5680632533,67.2240658556,0,1163097768.0,30.7543934451,31.4050837106,31.002013344193,3;4,4,43,54,sp|Q92614|MY18A_HUMAN Unconventional myosin-XVIIIa OS=Homo sapiens OX=9606 GN=MYO18A PE=1 SV=3,Unmodified
GFFNLN(N-Glycosylation)RSSKR{Fuc:1; Hex:5; HexNAc:4; Neu5Ac:1},3384.439978381809,-1.4859020963589696e-06,8.86162179676,60.0938417977,0,135017981.5,29.1539340761,29.5512936102,29.238631628577,3,2,43,54,sp|Q92614|MY18A_HUMAN Unconventional myosin-XVIIIa OS=Homo sapiens OX=9606 GN=MYO18A PE=1 SV=3,Unmodified
N(N-Glycosylation)MSVSR{Hex:5; HexNAc:2},1908.7390555249272,5.954396710171354e-06,14.8933230031,47.3426225736,0,121260921.25,27.4192335274,27.6011699265,27.531761577352,2,2,124,130,sp|Q9HBL0|TENS1_HUMAN Tensin-1 OS=Homo sapiens OX=9606 GN=TNS1 PE=1 SV=3,Unmodified
RTVN(N-Glycosylation)STR{Fuc:1; Hex:6; HexNAc:5},2966.204281384967,6.386596082378443e-06,12.9553437463,85.0354016203,0,93431805.75,39.4661541289,39.8218891289,39.643947758897,3,2,42,49,sp|Q5SSJ5|HP1B3_HUMAN Heterochromatin protein 1-binding protein 3 OS=Homo sapiens OX=9606 GN=HP1BP3 PE=1 SV=1,Unmodified
QLALLLWKN(N-Glycosylation)YTLQK{Hex:5; HexNAc:2},2947.3947151657585,1.2374912037995467e-05,13.8801645548,10.7048793521,0.00877192982456,161614788,83.8017741269,84.0209156619,83.895770778879,3,1,5,19,sp|Q99758|ABCA3_HUMAN Phospholipid-transporting ATPase ABCA3 OS=Homo sapiens OX=9606 GN=ABCA3 PE=1 SV=2,Unmodified
KN(N-Glycosylation)RSLYR{Fuc:1; Hex:5; HexNAc:4; Neu5Ac:2},3286.363418119183,-9.040499771426596e-07,15.3311981784,45.515407523,0,423816293.25,25.0486092117,25.4232037093,25.133737542852,3;4,2,387,394,sp|Q9NVI7|ATD3A_HUMAN ATPase family AAA domain-containing protein 3A OS=Homo sapiens OX=9606 GN=ATAD3A PE=1 SV=2,Unmodified
SPN(N-Glycosylation)GTIR{Fuc:1; Hex:4; HexNAc:3},2146.8926902825774,3.368271080870438e-06,12.427561952,66.3240352456,0,56541681.0,25.5655890928,25.6661207424,25.608471908792,3,2,133,140,"sp|P48735|IDHP_HUMAN Isocitrate dehydrogenase [NADP], mitochondrial OS=Homo sapiens OX=9606 GN=IDH2 PE=1 SV=2",Unmodified
GNDPN(N-Glycosylation)VSLVPK{Fuc:1; Hex:5; HexNAc:4; Neu5Ac:1},3198.3504178917915,-5.392838222167961e-06,14.3354394119,63.0300663051,0,209311099.0,24.5953326768,24.9306279089,24.669894527022,3,2,70,81,sp|P48634|PRC2A_HUMAN Protein PRRC2A OS=Homo sapiens OX=9606 GN=PRRC2A PE=1 SV=3,Unmodified
GNDPN(N-Glycosylation)VSLVPK{Fuc:1; Hex:5; HexNAc:4; Neu5Ac:2},3489.4427691243586,-4.0645207322483924e-06,16.7885245387,55.5372209376,0,895042202.0,25.161865078,25.5084630953,25.277998628839,3;4,4,70,81,sp|P48634|PRC2A_HUMAN Protein PRRC2A OS=Homo sapiens OX=9606 GN=PRRC2A PE=1 SV=3,Unmodified
GNDPN(N-Glycosylation)VSLVPK{Fuc:1; Hex:5; HexNAc:3; Neu5Ac:1},2995.2688793673974,-5.035334757818745e-06,15.5024711069,50.6922557471,0,74764041.75,24.4922153618,24.6243959771,24.537567558511,3,2,70,81,sp|P48634|PRC2A_HUMAN Protein PRRC2A OS=Homo sapiens OX=9606 GN=PRRC2A PE=1 SV=3,Unmodified
VMVLN(N-Glycosylation)R{Fuc:1; Hex:6; HexNAc:6; Neu5Ac:2},3649.4693580682692,-3.1403918391411235e-06,12.2817953086,38.4367971617,0,46796940.0625,22.9048505253,23.2311428255,23.025526625538,3,1,133,139,sp|Q99536|VAT1_HUMAN Synaptic vesicle membrane protein VAT-1 homolog OS=Homo sapiens OX=9606 GN=VAT1 PE=1 SV=2,Unmodified
IN(N-Glycosylation)FTLR{Hex:8; HexNAc:3},2668.096407944678,1.1695401795243286e-06,12.0837100826,13.1712937152,0.018018018018,90940613.25,46.9654338267,47.2935606108,47.189253809675,3,3,105,111,sp|Q9HAT2|SIAE_HUMAN Sialate O-acetylesterase OS=Homo sapiens OX=9606 GN=SIAE PE=1 SV=1,Unmodified
AHPN(N-Glycosylation)RSVAVTLRLR{Hex:8; HexNAc:3},3494.593649115315,-1.5890498475052615e-06,-21.1477987345,15.0755678235,0,5773297.5,92.7095181928,92.7095181928,92.709518192832,3,1,447,461,sp|P35475|IDUA_HUMAN Alpha-L-iduronidase OS=Homo sapiens OX=9606 GN=IDUA PE=1 SV=2,Unmodified
AHPN(N-Glycosylation)RSVAVTLRLR{Hex:8; HexNAc:3},3495.61447129,-0.000293617979417,0,10.5167194872,0.0172413793103,0,,,,3,1,447,461,sp|P35475|IDUA_HUMAN Alpha-L-iduronidase OS=Homo sapiens OX=9606 GN=IDUA PE=1 SV=2,
VSN(N-Glycosylation)YSR{Fuc:1; Hex:5; HexNAc:4; Neu5Ac:2},3075.193055361732,-4.001042071433332e-06,13.9485061324,46.9439147686,0,481523967.5,24.3619528955,25.2634848939,24.742687176291,2;3,2,198,204,sp|P15328|FOLR1_HUMAN Folate receptor alpha OS=Homo sapiens OX=9606 GN=FOLR1 PE=1 SV=3,Unmodified
ADLVN(N-Glycosylation)R{Fuc:2; Hex:6; HexNAc:4},2763.119958563775,5.166153716764156e-07,13.6925949002,93.4374974824,0,1598821483.25,39.1678420768,40.1759606268,39.76257456007,2;3,8,374,380,sp|Q8WUM4|PDC6I_HUMAN Programmed cell death 6-interacting protein OS=Homo sapiens OX=9606 GN=PDCD6IP PE=1 SV=1,Unmodified
ADLVN(N-Glycosylation)R{Fuc:1; Hex:7; HexNAc:4},2779.1080133272717,2.9820094319550394e-06,11.4897285945,70.34815243,0,147384083.25,30.9146879779,31.4050837106,31.128951695188,3,2,374,380,sp|Q8WUM4|PDC6I_HUMAN Programmed cell death 6-interacting protein OS=Homo sapiens OX=9606 GN=PDCD6IP PE=1 SV=1,Unmodified
ADLVN(N-Glycosylation)R{Fuc:2; Hex:7; HexNAc:4},2925.1714794376253,9.332837112923155e-07,13.5658290615,70.1743017362,0,359459959.0,38.9755025254,39.5264358268,39.272739591821,2;3,2,374,380,sp|Q8WUM4|PDC6I_HUMAN Programmed cell death 6-interacting protein OS=Homo sapiens OX=9606 GN=PDCD6IP PE=1 SV=1,Unmodified
N(N-Glycosylation)HSRSR{Hex:3; HexNAc:2},1647.7088945219548,-7.887551282924073e-06,15.2107237369,8.78972390921,0.032,269447138.25,31.4340631591,31.8701610591,31.624039910857,2,2,255,261,sp|Q9NXE8|CWC25_HUMAN Pre-mRNA-splicing factor CWC25 homolog OS=Homo sapiens OX=9606 GN=CWC25 PE=1 SV=1,Unmodified
N(N-Glycosylation)STLPKAIVSSR{Fuc:3; Hex:6; HexNAc:6},3900.67333003,3.41513849847e-06,0,8.03511759531,0.0387596899225,0,,,,3,1,1065,1077,sp|Q709C8|VP13C_HUMAN Intermembrane lipid transfer protein VPS13C OS=Homo sapiens OX=9606 GN=VPS13C PE=1 SV=1,
LKN(N-Glycosylation)ISPK{Fuc:1; Hex:6; HexNAc:6},3135.352444572696,-1.6016653837734075e-06,14.6594737261,59.1529197956,0,132543432.0,77.6754919754,78.0067382282,77.816801642005,3,3,615,622,sp|Q8NDH2|CC168_HUMAN Leucine-rich repeat transmembrane protein CCDC168 OS=Homo sapiens OX=9606 GN=CCDC168 PE=2 SV=3,Unmodified
M(Oxidation)SLQLYLVDN(N-Glycosylation)R{Fuc:1; Hex:5; HexNAc:4; Neu5Ac:2},3718.5306448,-0.000271292492087,0,15.3182330352,0,0,,,,3,1,452,463,sp|P54646|AAPK2_HUMAN 5'-AMP-activated protein kinase catalytic subunit alpha-2 OS=Homo sapiens OX=9606 GN=PRKAA2 PE=1 SV=2,
M(Oxidation)SLQLYLVDN(N-Glycosylation)R{Fuc:1; Hex:5; HexNAc:4; Neu5Ac:2},3717.537122913124,-4.112281453889406e-06,-6.10700152671,14.309603992,0,36097058.75,88.4351152088,88.6567631589,88.466417275492,3,1,452,463,sp|P54646|AAPK2_HUMAN 5'-AMP-activated protein kinase catalytic subunit alpha-2 OS=Homo sapiens OX=9606 GN=PRKAA2 PE=1 SV=2,Unmodified
WVPVN(N-Glycosylation)K{Hex:3; HexNAc:2},1633.7310908632926,2.1326611072690566e-06,14.3446728706,8.5149824574,0.046511627907,186307789.0,40.379881027,40.7222469117,40.499574409548,2,2,19368,19374,sp|Q8WZ42|TITIN_HUMAN Titin OS=Homo sapiens OX=9606 GN=TTN PE=1 SV=4,Unmodified
LRFGIYDIDN(N-Glycosylation)K{Hex:6; HexNAc:3},2934.2837911811343,-6.77603306948005e-06,11.997094301,16.5694364515,0,55574680.75,55.1253921773,55.2903870092,55.200754827881,3,1,73,84,sp|Q99829|CPNE1_HUMAN Copine-1 OS=Homo sapiens OX=9606 GN=CPNE1 PE=1 SV=1,Unmodified
